ログインできない,ログイン
どうしたらログインできますか,ログイン
アクセスの方法を教えて下さい,ログイン
サービスが使えない,ログイン
ログイン画面が表示されない,ログイン
認証に失敗する,ログイン
パスワードが合っているのに入れない,ログイン
ユーザーIDを忘れた,ログイン
アカウントを忘れた,ログイン
パスワードがわからない,ログイン
パスワードを忘れた,ログイン
サービスにアクセスできない,ログイン
IDとパスワードを入れても進まない,ログイン
マイページに入れない,ログイン
ログインボタンを押しても反応しない,ログイン
アカウント情報を忘れてしまった,ログイン
ログインエラーが出る,ログイン
ユーザーIDがわからない,ログイン
ログイン情報がわからなくなった,ログイン
サインインできない,ログイン
ユーザー登録したい,登録
アカウント作成の仕方を教えて,登録
サインアップしたい,登録
新しくアカウントを開設したい,登録
利用開始したい,登録
メンバー登録したい,登録
登録の方法を教えて下さい,登録
入会したい,登録
入会の方法を教えて,登録
アカウントの登録方法を知りたい,登録
どうしたら使えるようになりますか,登録
サービスを使えるようにしたい,登録
新規登録の手順を知りたい,登録
会員登録はどこからできますか,登録
どうやって始めればいいですか,登録
ユーザーIDを取得したい,登録
契約したい,登録
会員になりたい,登録
アカウントを作りたい,登録
サービスに申し込みたい,登録
解約したい,解約
契約を解除したい,解約
退会の方法を教えて,解約
退会したい,解約
会員をやめるにはどうしたらいい,解約
アカウントを削除したい,解約
サービスを解約したい,解約
アカウントの削除方法を知りたい,解約
どうしたらやめられますか,解約
不要になった,解約
利用をやめたい,解約
サービスの停止方法を教えて,解約
もう使わないので削除したい,解約
契約終了したい,解約
アカウントを閉鎖したい,解約
退会手続きを知りたい,解約
会員資格を取り消したい,解約
サブスクリプションを停止したい,解約
登録を取り消したい,解約
利用を中止したい,解約
